{"stats":{"minecraft:custom":{"minecraft:time_since_rest":19839,"minecraft:sprint_one_cm":38714,"minecraft:walk_one_cm":41993,"minecraft:mob_kills":21,"minecraft:drop":2,"minecraft:damage_dealt":16224,"minecraft:swim_one_cm":777,"minecraft:fly_one_cm":222997,"minecraft:open_chest":2,"minecraft:crouch_one_cm":179,"minecraft:play_time":19839,"tombstone:undead_killed":7,"minecraft:sneak_time":34,"minecraft:walk_under_water_one_cm":593,"minecraft:jump":178,"minecraft:leave_game":2,"minecraft:time_since_death":19839,"minecraft:walk_on_water_one_cm":2238,"minecraft:total_world_time":19839,"minecraft:fall_one_cm":1788},"minecraft:dropped":{"biomesoplenty:dried_salt":3},"minecraft:mined":{"biomesoplenty:dried_salt":1},"minecraft:picked_up":{"aquaculture:synodontis":1,"minecraft:feather":2,"biomesoplenty:dried_salt":3,"minecraft:bundle":2,"minecraft:bone":3,"minecraft:arrow":4,"minecraft:rotten_flesh":2,"graveyard:corruption":1,"iceandfire:hydra_fang":5,"minecraft:sugar_cane":1,"minecraft:ender_pearl":1},"minecraft:killed":{"endermanoverhaul:scarab":2,"minecraft:skeleton":3,"endermanoverhaul:desert_enderman":2,"minecraft:husk":1,"minecraft:zombie":1,"graveyard:skeleton_creeper":1,"aquaculture:synodontis":1,"alexsmobs:roadrunner":1,"iceandfire:hydra":1,"iceandfire:lightning_dragon":1,"kobolds:kobold_skeleton":1,"alexsmobs:tasmanian_devil":1,"dungeonnowloading:whimper":1,"alexsmobs:rhinoceros":3,"cataclysm:coral_golem":1},"minecraft:used":{"iceandfire:spawn_egg_hydra":2,"cataclysm:coral_golem_spawn_egg":1,"iceandfire:dragonbone_sword_fire":43,"twilightforest:glass_sword":51,"iceandfire:spawn_egg_troll":1,"iceandfire:spawn_egg_cyclops":1,"iceandfire:spawn_egg_myrmex_queen":2,"biomesoplenty:dried_salt":17,"minecraft:torch":1,"iceandfire:spawn_egg_lightning_dragon":2,"dungeonnowloading:spawn_egg_whimper":1,"alexsmobs:spawn_egg_tasmanian_devil":2,"alexsmobs:animal_dictionary":2}},"DataVersion":3465}