{"stats":{"minecraft:killed":{"alexsmobs:hammerhead_shark":1,"mowziesmobs:grottol":1,"minecraft:cow":1},"minecraft:custom":{"minecraft:time_since_rest":3997,"minecraft:crouch_one_cm":518,"minecraft:play_time":3997,"minecraft:sprint_one_cm":4963,"minecraft:damage_taken":117,"minecraft:walk_one_cm":11760,"minecraft:sneak_time":91,"minecraft:mob_kills":3,"minecraft:jump":24,"minecraft:damage_dealt":670,"minecraft:leave_game":2,"minecraft:time_since_death":3997,"minecraft:total_world_time":3997,"minecraft:fly_one_cm":7448},"minecraft:picked_up":{"minecraft:diamond":1,"minecraft:dandelion":1,"minecraft:beef":3},"minecraft:used":{"advancednetherite:netherite_diamond_boots":1,"mowziesmobs:wroughtnaut_spawn_egg":1,"stalwart_dungeons:diamond_hammer":7,"mowziesmobs:grottol_spawn_egg":1,"advancednetherite:netherite_diamond_chestplate":1,"advancednetherite:netherite_diamond_leggings":1,"alexsmobs:spawn_egg_hammerhead_shark":1,"advancednetherite:netherite_diamond_helmet":1}},"DataVersion":3465}