{"stats":{"minecraft:picked_up":{"minecraft:stick":8,"minecraft:feather":2,"aquaculture:synodontis":1,"biomesoplenty:dried_salt":3,"minecraft:jungle_log":2,"minecraft:leather":13,"minecraft:fire_charge":1,"tombstone:grave_dust":3,"minecraft:gunpowder":2,"minecraft:spider_eye":1,"minecraft:string":3,"biomesoplenty:mahogany_log":32,"minecraft:orange_terracotta":12,"minecraft:bundle":2,"alexsmobs:kangaroo_hide":5,"minecraft:bone":9,"minecraft:arrow":10,"minecraft:rotten_flesh":7,"graveyard:corruption":1,"biomesoplenty:mahogany_sapling":6,"minecraft:red_sand":19,"iceandfire:hydra_fang":5,"minecraft:emerald":1,"supplementaries:ash":2,"delightful:green_tea_leaf":4,"minecraft:sugar_cane":1,"minecraft:mutton":11,"alexsmobs:kangaroo_meat":6,"minecraft:white_wool":4,"minecraft:ender_pearl":1},"minecraft:killed":{"endermanoverhaul:scarab":2,"minecraft:skeleton":8,"endermanoverhaul:desert_enderman":2,"minecraft:husk":4,"minecraft:zombie":4,"graveyard:skeleton_creeper":2,"aquaculture:synodontis":1,"iceandfire:cyclops":3,"illagerinvasion:firecaller":1,"minecraft:llama":1,"alexsmobs:roadrunner":1,"minecraft:spider":3,"iceandfire:hydra":1,"iceandfire:lightning_dragon":1,"mutantmonsters:mutant_creeper":1,"kobolds:kobold_skeleton":1,"alexsmobs:tasmanian_devil":1,"dungeonnowloading:whimper":1,"alexsmobs:rhinoceros":3,"alexsmobs:kangaroo":3,"minecraft:creeper":1,"cataclysm:coral_golem":1,"alexsmobs:emu":1},"minecraft:dropped":{"biomesoplenty:dried_salt":3},"minecraft:mined":{"biomesoplenty:dried_salt":1},"minecraft:custom":{"minecraft:time_since_rest":29781,"minecraft:sprint_one_cm":78257,"minecraft:walk_one_cm":66168,"minecraft:mob_kills":47,"minecraft:drop":2,"minecraft:damage_dealt":26455,"minecraft:swim_one_cm":777,"minecraft:fly_one_cm":478701,"minecraft:open_chest":2,"minecraft:crouch_one_cm":249,"minecraft:play_time":29781,"tombstone:undead_killed":19,"minecraft:sneak_time":45,"minecraft:walk_under_water_one_cm":593,"minecraft:jump":383,"minecraft:leave_game":3,"minecraft:time_since_death":29781,"minecraft:walk_on_water_one_cm":2238,"minecraft:total_world_time":29781,"minecraft:fall_one_cm":1788},"minecraft:used":{"iceandfire:spawn_egg_hydra":2,"cataclysm:coral_golem_spawn_egg":1,"iceandfire:dragonbone_sword_fire":76,"twilightforest:glass_sword":75,"iceandfire:spawn_egg_troll":1,"iceandfire:spawn_egg_cyclops":4,"iceandfire:spawn_egg_myrmex_queen":2,"biomesoplenty:dried_salt":17,"minecraft:torch":4,"iceandfire:spawn_egg_lightning_dragon":2,"dungeonnowloading:spawn_egg_whimper":1,"alexsmobs:spawn_egg_tasmanian_devil":2,"alexsmobs:animal_dictionary":2}},"DataVersion":3465}